{"cameraMode":{"drawMode":0,"name":"Shaded","section":"Shading Mode"},"sceneLighting":true,"audioPlay":false,"sceneViewState":{"showFog":true,"showMaterialUpdate":false,"showSkybox":true,"showFlares":true,"showImageEffects":true,"showParticleSystems":true},"in2DMode":false,"pivot":{"x":0.40922313928604128,"y":0.23825088143348695,"z":-0.13044695556163789},"rotation":{"x":-0.2803135812282562,"y":0.47583410143852236,"z":-0.1631498783826828,"w":-0.8175501823425293},"size":3.5300421714782717,"orthographic":false}