{"cameraMode":{"drawMode":0,"name":"Shaded","section":"Shading Mode"},"sceneLighting":true,"audioPlay":false,"sceneViewState":{"showFog":true,"showMaterialUpdate":false,"showSkybox":true,"showFlares":true,"showImageEffects":true,"showParticleSystems":true},"in2DMode":false,"pivot":{"x":0.2636716961860657,"y":0.47897231578826907,"z":-0.007945865392684937},"rotation":{"x":-0.2803135812282562,"y":0.47583410143852236,"z":-0.1631498783826828,"w":-0.8175501823425293},"size":0.23004251718521119,"orthographic":false}