{"cameraMode":{"drawMode":0,"name":"Shaded","section":"Shading Mode"},"sceneLighting":true,"audioPlay":false,"sceneViewState":{"showFog":true,"showMaterialUpdate":false,"showSkybox":true,"showFlares":true,"showImageEffects":true,"showParticleSystems":true},"in2DMode":false,"pivot":{"x":-0.2396535873413086,"y":1.3996843099594117,"z":-3.254244327545166},"rotation":{"x":-0.015046728774905205,"y":0.9849388599395752,"z":-0.11907295137643814,"w":-0.12446199357509613},"size":9.224506378173829,"orthographic":false}